{
  "dataset_info": {
    "type": "synthetic",
    "creation_date": "2025-09-17T10:28:48.302677",
    "episodes": 50,
    "policy": "random",
    "n_agents": 4,
    "episode_length": 3600,
    "decision_frequency": 10,
    "max_queue_length": 20
  },
  "statistics": {
    "total_transitions": 50,
    "avg_episode_reward": {
      "mean": -41.403999999999975,
      "std": 11.86521713876336,
      "min": -77.31250000000034,
      "max": -17.599999999999852
    },
    "avg_queue_length": {
      "mean": 0.5750555555555557,
      "std": 0.16479468248282225,
      "min": 0.24444444444444444,
      "max": 1.0737847222222223
    },
    "avg_waiting_time": {
      "mean": 1.2892382656201908,
      "std": 0.3759163285102128,
      "min": 0.5589200523237919,
      "max": 2.601342720837181
    },
    "total_vehicles_passed": {
      "mean": 342649.64,
      "std": 61293.83689108065,
      "min": 197072.0,
      "max": 455712.0
    }
  }
}