{
  "dataset_info": {
    "type": "synthetic",
    "creation_date": "2025-09-19T08:38:01.491850",
    "episodes": 200,
    "policy": "random",
    "n_agents": 4,
    "episode_length": 3600,
    "decision_frequency": 10,
    "max_queue_length": 20
  },
  "statistics": {
    "total_transitions": 200,
    "avg_episode_reward": {
      "mean": -38.83237499999993,
      "std": 10.133886007321074,
      "min": -77.31250000000034,
      "max": -16.649999999999878
    },
    "avg_queue_length": {
      "mean": 0.5393385416666667,
      "std": 0.1407484167683463,
      "min": 0.23125,
      "max": 1.0737847222222223
    },
    "avg_waiting_time": {
      "mean": 1.2020937211449678,
      "std": 0.30531960700832717,
      "min": 0.5370960295475531,
      "max": 2.601342720837181
    },
    "total_vehicles_passed": {
      "mean": 330090.37,
      "std": 56486.10426204926,
      "min": 183582.0,
      "max": 455712.0
    }
  }
}