{
  "evaluation_results": {
    "summary": {
      "num_episodes": 30,
      "primary_metric": 0.42924305555555564,
      "supporting_metrics": {
        "average_waiting_time": 15.310398250460405,
        "average_queue_length": 8.584861111111111,
        "throughput": 1545.6666666666667
      }
    },
    "detailed_metrics": {
      "stopped_vehicle_ratio": 0.42924305555555564,
      "average_waiting_time": 15.310398250460405,
      "average_queue_length": 8.584861111111111,
      "throughput": 1545.6666666666667
    },
    "reward_statistics": {
      "mean": -309.055,
      "std": 17.508390429067557,
      "min": -338.2624999999998,
      "max": -251.32500000000005
    },
    "metrics_tracker_summary": {
      "stopped_vehicle_ratio_mean": 0.42924305555555553,
      "stopped_vehicle_ratio_std": 0.024317208929260585,
      "stopped_vehicle_ratio_min": 0.3490625,
      "stopped_vehicle_ratio_max": 0.4698090277777778,
      "average_waiting_time_mean": 15.310398250460404,
      "average_waiting_time_std": 1.2843520384254121,
      "average_waiting_time_min": 11.532681092694904,
      "average_waiting_time_max": 17.75468845917741,
      "average_queue_length_mean": 8.584861111111111,
      "average_queue_length_std": 0.48634417858521173,
      "average_queue_length_min": 6.98125,
      "average_queue_length_max": 9.396180555555556,
      "throughput_mean": 1545.6799999999998,
      "throughput_std": 267.0704980587211,
      "throughput_min": 1113.6333333333334,
      "throughput_max": 2146.5666666666666,
      "reward_mean": -0.42924305555555553,
      "reward_std": 0.024317208929260585,
      "reward_min": -0.4698090277777778,
      "reward_max": -0.3490625
    },
    "action_analysis": {
      "agent_distributions": {
        "agent_0": {
          "0": 1.0
        },
        "agent_1": {
          "2": 0.9925925925925926,
          "3": 0.007407407407407408
        },
        "agent_2": {
          "1": 1.0
        },
        "agent_3": {
          "2": 1.0
        }
      },
      "overall_distribution": {
        "0": 0.25,
        "1": 0.25,
        "2": 0.4981481481481482,
        "3": 0.001851851851851852
      },
      "phase_transitions": {
        "raw_counts": {
          "3->2": 40,
          "2->3": 17
        },
        "percentages": {
          "3->2": 70.17543859649122,
          "2->3": 29.82456140350877
        },
        "total_transitions": 57
      }
    },
    "episode_performance": [
      {
        "episode": 0,
        "total_reward": -323.5375000000002,
        "avg_queue_length": 8.987152777777778,
        "avg_waiting_time": 16.637315837937386,
        "vehicles_passed": 45490
      },
      {
        "episode": 1,
        "total_reward": -317.9124999999998,
        "avg_queue_length": 8.830902777777778,
        "avg_waiting_time": 15.777087170042972,
        "vehicles_passed": 50056
      },
      {
        "episode": 2,
        "total_reward": -314.025,
        "avg_queue_length": 8.722916666666666,
        "avg_waiting_time": 15.569828115408226,
        "vehicles_passed": 47174
      },
      {
        "episode": 3,
        "total_reward": -305.41249999999985,
        "avg_queue_length": 8.483680555555555,
        "avg_waiting_time": 14.91206261510129,
        "vehicles_passed": 51788
      },
      {
        "episode": 4,
        "total_reward": -303.7625,
        "avg_queue_length": 8.437847222222222,
        "avg_waiting_time": 14.744843462246777,
        "vehicles_passed": 33933
      },
      {
        "episode": 5,
        "total_reward": -251.32500000000005,
        "avg_queue_length": 6.98125,
        "avg_waiting_time": 11.532681092694904,
        "vehicles_passed": 33409
      },
      {
        "episode": 6,
        "total_reward": -318.7874999999998,
        "avg_queue_length": 8.855208333333334,
        "avg_waiting_time": 16.027585942295886,
        "vehicles_passed": 42495
      },
      {
        "episode": 7,
        "total_reward": -303.11249999999995,
        "avg_queue_length": 8.419791666666667,
        "avg_waiting_time": 14.698810620012278,
        "vehicles_passed": 54272
      },
      {
        "episode": 8,
        "total_reward": -319.1499999999999,
        "avg_queue_length": 8.865277777777777,
        "avg_waiting_time": 15.982082565991405,
        "vehicles_passed": 44802
      },
      {
        "episode": 9,
        "total_reward": -322.17500000000007,
        "avg_queue_length": 8.949305555555556,
        "avg_waiting_time": 16.309369244935542,
        "vehicles_passed": 48828
      },
      {
        "episode": 10,
        "total_reward": -289.7749999999998,
        "avg_queue_length": 8.049305555555556,
        "avg_waiting_time": 13.797268262737877,
        "vehicles_passed": 34771
      },
      {
        "episode": 11,
        "total_reward": -278.6625000000001,
        "avg_queue_length": 7.740625,
        "avg_waiting_time": 12.960804174340087,
        "vehicles_passed": 37343
      },
      {
        "episode": 12,
        "total_reward": -308.02500000000003,
        "avg_queue_length": 8.55625,
        "avg_waiting_time": 15.303146101903009,
        "vehicles_passed": 43090
      },
      {
        "episode": 13,
        "total_reward": -311.4124999999999,
        "avg_queue_length": 8.650347222222223,
        "avg_waiting_time": 15.565446593001841,
        "vehicles_passed": 40951
      },
      {
        "episode": 14,
        "total_reward": -309.4124999999999,
        "avg_queue_length": 8.594791666666667,
        "avg_waiting_time": 15.390438919582566,
        "vehicles_passed": 56912
      },
      {
        "episode": 15,
        "total_reward": -300.56250000000017,
        "avg_queue_length": 8.348958333333334,
        "avg_waiting_time": 14.482297421731124,
        "vehicles_passed": 37116
      },
      {
        "episode": 16,
        "total_reward": -320.8124999999999,
        "avg_queue_length": 8.911458333333334,
        "avg_waiting_time": 16.178852056476366,
        "vehicles_passed": 50866
      },
      {
        "episode": 17,
        "total_reward": -326.2999999999999,
        "avg_queue_length": 9.063888888888888,
        "avg_waiting_time": 16.6305095150399,
        "vehicles_passed": 56790
      },
      {
        "episode": 18,
        "total_reward": -326.9999999999998,
        "avg_queue_length": 9.083333333333334,
        "avg_waiting_time": 16.660052179251075,
        "vehicles_passed": 64397
      },
      {
        "episode": 19,
        "total_reward": -318.2374999999998,
        "avg_queue_length": 8.839930555555556,
        "avg_waiting_time": 15.875821055862492,
        "vehicles_passed": 58559
      },
      {
        "episode": 20,
        "total_reward": -323.2249999999998,
        "avg_queue_length": 8.978472222222223,
        "avg_waiting_time": 16.35036832412523,
        "vehicles_passed": 52442
      },
      {
        "episode": 21,
        "total_reward": -320.3,
        "avg_queue_length": 8.897222222222222,
        "avg_waiting_time": 16.163205954573357,
        "vehicles_passed": 46900
      },
      {
        "episode": 22,
        "total_reward": -311.6624999999999,
        "avg_queue_length": 8.657291666666667,
        "avg_waiting_time": 15.374854205033763,
        "vehicles_passed": 42003
      },
      {
        "episode": 23,
        "total_reward": -290.2625000000002,
        "avg_queue_length": 8.062847222222222,
        "avg_waiting_time": 14.02812308164518,
        "vehicles_passed": 39941
      },
      {
        "episode": 24,
        "total_reward": -338.2624999999998,
        "avg_queue_length": 9.396180555555556,
        "avg_waiting_time": 17.75468845917741,
        "vehicles_passed": 47628
      },
      {
        "episode": 25,