{
  "evaluation_results": {
    "summary": {
      "num_episodes": 30,
      "primary_metric": 0.43204108796296303,
      "supporting_metrics": {
        "average_waiting_time": 15.419344945774505,
        "average_queue_length": 8.640821759259259,
        "throughput": 1565.1333333333334
      }
    },
    "detailed_metrics": {
      "stopped_vehicle_ratio": 0.43204108796296303,
      "average_waiting_time": 15.419344945774505,
      "average_queue_length": 8.640821759259259,
      "throughput": 1565.1333333333334
    },
    "reward_statistics": {
      "mean": -311.0695833333332,
      "std": 16.89511229965796,
      "min": -333.0124999999999,
      "max": -256.65
    },
    "metrics_tracker_summary": {
      "stopped_vehicle_ratio_mean": 0.432041087962963,
      "stopped_vehicle_ratio_std": 0.023465433749525016,
      "stopped_vehicle_ratio_min": 0.3564583333333333,
      "stopped_vehicle_ratio_max": 0.4625173611111111,
      "average_waiting_time_mean": 15.419344945774503,
      "average_waiting_time_std": 1.2711206338469851,
      "average_waiting_time_min": 11.756507059545733,
      "average_waiting_time_max": 17.282504604051564,
      "average_queue_length_mean": 8.640821759259259,
      "average_queue_length_std": 0.46930867499050044,
      "average_queue_length_min": 7.129166666666666,
      "average_queue_length_max": 9.250347222222222,
      "throughput_mean": 1565.1411111111113,
      "throughput_std": 231.87969512999678,
      "throughput_min": 1042.3333333333333,
      "throughput_max": 1968.4666666666667,
      "reward_mean": -0.432041087962963,
      "reward_std": 0.023465433749525016,
      "reward_min": -0.4625173611111111,
      "reward_max": -0.3564583333333333
    },
    "action_analysis": {
      "agent_distributions": {
        "agent_0": {
          "0": 1.0
        },
        "agent_1": {
          "2": 0.9948148148148148,
          "3": 0.005185185185185185
        },
        "agent_2": {
          "1": 1.0
        },
        "agent_3": {
          "2": 1.0
        }
      },
      "overall_distribution": {
        "0": 0.25,
        "1": 0.25,
        "2": 0.4987037037037037,
        "3": 0.0012962962962962963
      },
      "phase_transitions": {
        "raw_counts": {
          "3->2": 28,
          "2->3": 8
        },
        "percentages": {
          "3->2": 77.77777777777779,
          "2->3": 22.22222222222222
        },
        "total_transitions": 36
      }
    },
    "episode_performance": [
      {
        "episode": 0,
        "total_reward": -333.0124999999999,
        "avg_queue_length": 9.250347222222222,
        "avg_waiting_time": 17.282504604051564,
        "vehicles_passed": 51696
      },
      {
        "episode": 1,
        "total_reward": -280.34999999999997,
        "avg_queue_length": 7.7875,
        "avg_waiting_time": 13.079465930018417,
        "vehicles_passed": 40234
      },
      {
        "episode": 2,
        "total_reward": -323.96249999999986,
        "avg_queue_length": 8.998958333333333,
        "avg_waiting_time": 16.446439533456108,
        "vehicles_passed": 53326
      },
      {
        "episode": 3,
        "total_reward": -315.89999999999986,
        "avg_queue_length": 8.775,
        "avg_waiting_time": 15.861525475751995,
        "vehicles_passed": 50788
      },
      {
        "episode": 4,
        "total_reward": -319.86249999999995,
        "avg_queue_length": 8.885069444444444,
        "avg_waiting_time": 16.076741866175567,
        "vehicles_passed": 38563
      },
      {
        "episode": 5,
        "total_reward": -256.65,
        "avg_queue_length": 7.129166666666666,
        "avg_waiting_time": 11.756507059545733,
        "vehicles_passed": 31270
      },
      {
        "episode": 6,
        "total_reward": -304.04999999999995,
        "avg_queue_length": 8.445833333333333,
        "avg_waiting_time": 14.682312768569675,
        "vehicles_passed": 47036
      },
      {
        "episode": 7,
        "total_reward": -307.4124999999998,
        "avg_queue_length": 8.53923611111111,
        "avg_waiting_time": 15.054872621240024,
        "vehicles_passed": 44495
      },
      {
        "episode": 8,
        "total_reward": -316.9124999999999,
        "avg_queue_length": 8.803125,
        "avg_waiting_time": 15.816612952731738,
        "vehicles_passed": 48883
      },
      {
        "episode": 9,
        "total_reward": -315.5249999999999,
        "avg_queue_length": 8.764583333333333,
        "avg_waiting_time": 15.881767955801106,
        "vehicles_passed": 38976
      },
      {
        "episode": 10,
        "total_reward": -311.17499999999995,
        "avg_queue_length": 8.64375,
        "avg_waiting_time": 15.35517955801105,
        "vehicles_passed": 40224
      },
      {
        "episode": 11,
        "total_reward": -326.84999999999985,
        "avg_queue_length": 9.079166666666667,
        "avg_waiting_time": 16.715124309392266,
        "vehicles_passed": 57553
      },
      {
        "episode": 12,
        "total_reward": -325.9499999999998,
        "avg_queue_length": 9.054166666666667,
        "avg_waiting_time": 16.589103744628606,
        "vehicles_passed": 59054
      },
      {
        "episode": 13,
        "total_reward": -317.7749999999998,
        "avg_queue_length": 8.827083333333333,
        "avg_waiting_time": 15.800084407612031,
        "vehicles_passed": 53357
      },
      {
        "episode": 14,
        "total_reward": -290.3499999999999,
        "avg_queue_length": 8.065277777777778,
        "avg_waiting_time": 13.863720073664824,
        "vehicles_passed": 31436
      },
      {
        "episode": 15,
        "total_reward": -314.275,
        "avg_queue_length": 8.729861111111111,
        "avg_waiting_time": 15.709745242480048,
        "vehicles_passed": 47994
      },
      {
        "episode": 16,
        "total_reward": -325.57499999999993,
        "avg_queue_length": 9.04375,
        "avg_waiting_time": 16.55679097605893,
        "vehicles_passed": 50678
      },
      {
        "episode": 17,
        "total_reward": -312.03749999999985,
        "avg_queue_length": 8.667708333333334,
        "avg_waiting_time": 15.426028238182933,
        "vehicles_passed": 51036
      },
      {
        "episode": 18,
        "total_reward": -308.11249999999995,
        "avg_queue_length": 8.558680555555556,
        "avg_waiting_time": 15.12926642111725,
        "vehicles_passed": 49512
      },
      {
        "episode": 19,
        "total_reward": -313.36249999999984,
        "avg_queue_length": 8.704513888888888,
        "avg_waiting_time": 15.528621853898096,
        "vehicles_passed": 53834
      },
      {
        "episode": 20,
        "total_reward": -324.37499999999983,
        "avg_queue_length": 9.010416666666666,
        "avg_waiting_time": 16.505187231430327,
        "vehicles_passed": 49460
      },
      {
        "episode": 21,
        "total_reward": -329.9124999999998,
        "avg_queue_length": 9.16423611111111,
        "avg_waiting_time": 17.04371546961326,
        "vehicles_passed": 47030
      },
      {
        "episode": 22,
        "total_reward": -319.4749999999998,
        "avg_queue_length": 8.874305555555555,
        "avg_waiting_time": 15.967119398403929,
        "vehicles_passed": 58384
      },
      {
        "episode": 23,
        "total_reward": -297.1624999999999,
        "avg_queue_length": 8.254513888888889,
        "avg_waiting_time": 14.077624309392265,
        "vehicles_passed": 40913
      },
      {
        "episode": 24,
        "total_reward": -308.8749999999999,
        "avg_queue_length": 8.57986111111111,
        "avg_waiting_time": 15.038927255985268,
        "vehicles_passed": 44096
      },
      {
        "episode": 25,